"Nr","Name","Type1","Type2","Total","HP","Attack","Defense","Sp. Atk","Sp. Def","Speed","Generation","Legendary","CP","Over"
"1","Bulbasaur","Grass","Poison","318","45","49","49","65","65","45","1","False","396.5934947","0"
"2","Ivysaur","Grass","Poison","405","60","62","63","80","80","60","1","False","588.9367538","0"
"3","Venusaur","Grass","Poison","525","80","82","83","100","100","80","1","False","935.9369103","0"
"3","VenusaurMega Venusaur","Grass","Poison","625","80","100","123","122","120","80","1","False","1316.737445","1"
"6","CharizardMega Charizard X","Fire","Dragon","634","78","130","111","130","85","100","1","False","1569.620814","1"
"6","Charizard","Fire","Flying","534","78","84","78","109","85","100","1","False","920.7","0"
"6","CharizardMega Charizard Y","Fire","Flying","634","78","104","78","159","115","100","1","False","1106.7","0"
"12","Butterfree","Bug","Flying","395","60","45","50","90","80","70","1","False","418.9272013","0"
"13","Weedle","Bug","Poison","195","40","35","30","20","20","50","1","False","248.7468593","0"
"14","Kakuna","Bug","Poison","205","45","25","50","25","25","35","1","False","249.7999199","0"
"15","Beedrill","Bug","Poison","395","65","90","40","45","80","75","1","False","696.491206","0"
"15","BeedrillMega Beedrill","Bug","Poison","495","65","150","40","15","80","145","1","False","1094.486181","0"
"16","Pidgey","Normal","Flying","251","40","45","40","35","35","56","1","False","330","0"
"17","Pidgeotto","Normal","Flying","349","63","60","55","50","50","71","1","False","554.1885961","0"
"18","Pidgeot","Normal","Flying","479","83","80","75","70","70","101","1","False","892.191123","0"
"18","PidgeotMega Pidgeot","Normal","Flying","579","83","80","80","135","80","121","1","False","916.639242","0"
"21","Spearow","Normal","Flying","262","40","60","30","31","31","70","1","False","373.1202889","0"
"22","Fearow","Normal","Flying","442","65","90","65","61","61","100","1","False","840","0"
"31","Nidoqueen","Poison","Ground","505","90","92","87","75","85","76","1","False","1107.33369","0"
"34","Nidoking","Poison","Ground","505","81","102","77","85","75","85","1","False","1099.551036","0"
"39","Jigglypuff","Normal","Fairy","270","115","45","20","45","25","20","1","False","404.7221269","0"
"40","Wigglytuff","Normal","Fairy","435","140","70","45","85","50","45","1","False","819.7103147","0"
"41","Zubat","Poison","Flying","245","40","45","35","30","40","55","1","False","314.6426545","0"
"42","Golbat","Poison","Flying","455","75","80","70","65","75","90","1","False","830.910645","0"
"43","Oddish","Grass","Poison","320","45","50","55","75","65","30","1","False","421.2481454","0"
"44","Gloom","Grass","Poison","395","60","65","70","85","75","40","1","False","638.7487769","0"
"45","Vileplume","Grass","Poison","490","75","80","85","110","90","50","1","False","901.2491331","0"
"46","Paras","Bug","Grass","285","35","70","55","45","55","25","1","False","502.8667816","0"
"47","Parasect","Bug","Grass","405","60","95","80","60","80","30","1","False","928.5068659","0"
"48","Venonat","Bug","Poison","305","60","55","50","40","55","45","1","False","488.7484015","0"
"49","Venomoth","Bug","Poison","450","70","65","60","90","75","90","1","False","638.7487769","0"
"62","Poliwrath","Water","Fighting","510","90","95","95","70","90","70","1","False","1182.180189","0"
"69","Bellsprout","Grass","Poison","300","50","75","35","70","30","40","1","False","513.0789413","0"
"70","Weepinbell","Grass","Poison","390","65","90","50","85","45","55","1","False","757.1657678","0"
"71","Victreebel","Grass","Poison","490","80","105","65","100","70","70","1","False","1046.135746","0"
"72","Tentacool","Water","Poison","335","40","40","35","50","100","70","1","False","288.4224332","0"
"73","Tentacruel","Water","Poison","515","80","70","65","80","120","100","1","False","741.0128204","0"
"74","Geodude","Rock","Ground","300","40","80","100","30","30","20","1","False","755.5337517","0"
"75","Graveler","Rock","Ground","390","55","95","115","45","45","35","1","False","1049.333122","0"
"76","Golem","Rock","Ground","495","80","120","130","55","65","45","1","False","1584.45377","1"
"79","Slowpoke","Water","Psychic","315","90","65","65","40","40","15","1","False","733.2121112","0"
"80","Slowbro","Water","Psychic","490","95","75","110","100","80","30","1","False","1055.343546","0"
"80","SlowbroMega Slowbro","Water","Psychic","590","95","75","180","130","80","30","1","False","1318.123666","1"
"81","Magnemite","Electric","Steel","325","25","35","70","95","55","45","1","False","291.5475947","0"
"82","Magneton","Electric","Steel","465","50","60","95","120","70","70","1","False","634.1825447","0"
"83","Farfetch'd","Normal","Flying","352","52","65","55","58","62","60","1","False","547.8685974","0"
"84","Doduo","Normal","Flying","310","35","85","45","35","35","75","1","False","547.7225575","0"
"85","Dodrio","Normal","Flying","460","60","110","70","60","60","100","1","False","998.0449639","0"
"87","Dewgong","Water","Ice","475","90","70","80","70","95","70","1","False","848.9368351","0"
"91","Cloyster","Water","Ice","525","50","95","180","85","45","70","1","False","1238.416327","1"
"92","Gastly","Ghost","Poison","310","30","35","30","100","35","80","1","False","225","0"
"93","Haunter","Ghost","Poison","405","45","50","45","115","55","95","1","False","390","0"
"94","Gengar","Ghost","Poison","500","60","65","60","130","75","110","1","False","600","0"
"94","GengarMega Gengar","Ghost","Poison","600","60","65","80","170","95","130","1","False","675.2777206","0"
"95","Onix","Rock","Ground","385","35","45","160","30","45","70","1","False","561.248608","0"
"102","Exeggcute","Grass","Psychic","325","60","40","80","60","45","40","1","False","464.2534329","0"
"103","Exeggutor","Grass","Psychic","520","95","95","85","125","65","55","1","False","1153.689733","0"
"111","Rhyhorn","Ground","Rock","345","80","85","95","30","30","25","1","False","1022.252415","0"
"112","Rhydon","Ground","Rock","485","105","130","120","45","45","40","1","False","1845.548699","1"
"121","Starmie","Water","Psychic","520","60","75","85","100","85","115","1","False","779.4228634","0"
"122","Mr. Mime","Psychic","Fairy","460","40","45","65","100","120","90","1","False","397.9949748","0"
"123","Scyther","Bug","Flying","500","70","110","80","55","80","105","1","False","1123.262547","0"
"124","Jynx","Ice","Psychic","455","65","50","35","115","95","95","1","False","411.0960958","0"
"127","PinsirMega Pinsir","Bug","Flying","600","65","155","120","65","90","105","1","False","1766.691824","1"
"130","GyaradosMega Gyarados","Water","Dark","640","95","155","109","70","130","81","1","False","1985.43698","1"
"130","Gyarados","Water","Flying","540","95","125","79","60","100","81","1","False","1423.601068","1"
"131","Lapras","Water","Ice","535","130","85","80","85","95","60","1","False","1173.669459","0"
"138","Omanyte","Rock","Water","355","35","40","100","90","55","35","1","False","417.0581494","0"
"139","Omastar","Rock","Water","495","70","60","125","115","70","55","1","False","818.1534086","0"
"140","Kabuto","Rock","Water","355","30","80","90","55","45","55","1","False","653.0170365","0"
"141","Kabutops","Rock","Water","495","60","115","105","65","70","80","1","False","1233.288287","1"
"142","Aerodactyl","Rock","Flying","515","80","105","65","60","75","130","1","False","1046.135746","0"
"142","AerodactylMega Aerodactyl","Rock","Flying","615","80","135","85","70","95","150","1","False","1462.019152","1"
"144","Articuno","Ice","Flying","580","90","85","100","95","125","85","1","True","1098.863049","0"
"145","Zapdos","Electric","Flying","580","90","90","85","125","90","100","1","True","1075.92983","0"
"146","Moltres","Fire","Flying","580","90","100","90","125","85","90","1","True","1207.5","1"
"149","Dragonite","Dragon","Flying","600","91","134","95","100","100","80","1","False","1608.92405","1"
"150","MewtwoMega Mewtwo X","Psychic","Fighting","780","106","190","100","154","100","130","1","True","2418.218094","1"
"163","Hoothoot","Normal","Flying","262","60","30","30","36","56","50","2","False","261.4263759","0"
"164","Noctowl","Normal","Flying","442","100","50","50","76","96","70","2","False","561.9775351","0"
"165","Ledyba","Bug","Flying","265","40","20","30","40","80","55","2","False","174.1228015","0"
"166","Ledian","Bug","Flying","390","55","35","50","55","110","85","2","False","337.2684391","0"
"167","Spinarak","Bug","Poison","250","40","60","40","40","40","30","2","False","412.5","0"
"168","Ariados","Bug","Poison","390","70","90","70","60","60","40","2","False","892.5","0"
"169","Crobat","Poison","Flying","535","85","90","80","70","80","130","2","False","1023.413406","0"
"170","Chinchou","Water","Electric","330","75","38","38","56","56","67","2","False","366.045489","0"
"171","Lanturn","Water","Electric","460","125","58","58","76","76","67","2","False","737.9863142","0"
"174","Igglybuff","Normal","Fairy","210","90","30","15","40","20","15","2","False","252.5618736","0"
"176","Togetic","Fairy","Flying","405","55","40","85","80","105","40","2","False","460.1630146","0"
"177","Natu","Psychic","Flying","320","40","50","45","70","45","70","2","False","373.396572","0"
"178","Xatu","Psychic","Flying","470","65","75","70","95","70","95","2","False","742.1590126","0"
"181","AmpharosMega Ampharos","Electric","Dragon","610","90","95","105","165","110","45","2","False","1234.746938","1"
"183","Marill","Water","Fairy","250","70","20","50","20","50","40","2","False","260.1562031","0"
"184","Azumarill","Water","Fairy","420","100","50","80","60","80","50","2","False","679.3977112","0"
"187","Hoppip","Grass","Flying","250","35","35","40","35","55","50","2","False","262.202212","0"
"188","Skiploom","Grass","Flying","340","55","45","50","45","65","80","2","False","404.7221269","0"
"189","Jumpluff","Grass","Flying","460","75","55","70","55","95","110","2","False","612.249949","0"
"193","Yanma","Bug","Flying","390","65","65","45","75","45","95","2","False","554.2562584","0"
"194","Wooper","Water","Ground","210","55","45","45","25","25","15","2","False","388.8444419","0"
"195","Quagsire","Water","Ground","430","95","85","85","65","65","35","2","False","1048.808848","0"
"198","Murkrow","Dark","Flying","405","60","85","42","85","42","91","2","False","653.8348415","0"
"199","Slowking","Water","Psychic","490","95","75","80","100","110","30","2","False","920.0271735","0"
"203","Girafarig","Normal","Psychic","455","70","80","65","90","65","85","2","False","783.3900689","0"
"205","Forretress","Bug","Steel","465","75","90","140","60","60","40","2","False","1240.15624","1"
"207","Gligar","Ground","Flying","430","65","75","105","35","65","85","2","False","881.8163074","0"
"208","Steelix","Steel","Ground","510","75","85","200","55","65","30","2","False","1391.042774","1"
"208","SteelixMega Steelix","Steel","Ground","610","75","125","230","55","95","30","2","False","2078.893937","1"
"211","Qwilfish","Water","Poison","430","65","95","75","55","55","85","2","False","933.3809512","0"
"212","Scizor","Bug","Steel","500","70","130","100","55","80","65","2","False","1433.594695","1"
"212","ScizorMega Scizor","Bug","Steel","600","70","150","140","65","100","75","2","False","1893.909647","1"
"213","Shuckle","Bug","Rock","505","20","10","230","10","230","5","2","False","231.5032397","0"
"214","Heracross","Bug","Fighting","500","80","125","75","40","95","85","2","False","1294.526941","1"
"214","HeracrossMega Heracross","Bug","Fighting","600","80","185","115","40","105","75","2","False","2222.611077","1"
"215","Sneasel","Dark","Ice","430","55","95","55","35","75","115","2","False","770","0"
"219","Magcargo","Fire","Rock","410","50","50","120","80","80","30","2","False","608.8873048","0"
"220","Swinub","Ice","Ground","250","50","50","40","30","30","50","2","False","388.6434742","0"
"221","Piloswine","Ice","Ground","450","100","100","80","60","60","50","2","False","1202.011335","1"
"222","Corsola","Water","Rock","380","55","55","85","65","85","35","2","False","585.6620186","0"
"225","Delibird","Ice","Flying","330","45","55","45","65","45","75","2","False","420","0"
"226","Mantine","Water","Flying","465","65","40","70","80","140","70","2","False","453.5416188","0"
"227","Skarmory","Steel","Flying","465","65","80","140","40","70","70","2","False","1057.875229","0"
"228","Houndour","Dark","Fire","330","45","60","30","80","50","65","2","False","389.7114317","0"
"229","Houndoom","Dark","Fire","500","75","90","50","110","80","95","2","False","803.0955734","0"
"229","HoundoomMega Houndoom","Dark","Fire","600","75","90","90","140","90","115","2","False","1020.71666","0"
"230","Kingdra","Water","Dragon","540","75","95","95","95","95","85","2","False","1094.486181","0"
"238","Smoochum","Ice","Psychic","305","45","30","15","85","65","65","2","False","190.9188309","0"
"246","Larvitar","Rock","Ground","300","50","64","50","45","50","41","2","False","513.5","0"
"247","Pupitar","Rock","Ground","410","70","84","70","65","70","51","2","False","841.5","0"
"248","Tyranitar","Rock","Dark","600","100","134","110","95","100","61","2","False","1786.447242","1"
"248","TyranitarMega Tyranitar","Rock","Dark","700","100","164","150","95","120","71","2","False","2465.720939","1"
"249","Lugia","Psychic","Flying","680","106","90","130","90","154","110","2","True","1390.804174","1"
"250","Ho-oh","Fire","Flying","680","106","130","90","110","154","90","2","True","1634.388647","1"
"251","Celebi","Psychic","Grass","600","100","100","100","100","100","100","2","False","1322.5","1"
"254","SceptileMega Sceptile","Grass","Dragon","630","70","110","75","145","85","145","3","False","1093.30348","0"
"256","Combusken","Fire","Fighting","405","60","85","60","85","60","55","3","False","750","0"
"257","Blaziken","Fire","Fighting","530","80","120","70","110","70","80","3","False","1213.123551","1"
"257","BlazikenMega Blaziken","Fire","Fighting","630","80","160","80","130","80","100","3","False","1662.5","1"
"259","Marshtomp","Water","Ground","405","70","85","70","60","70","50","3","False","850","0"
"260","Swampert","Water","Ground","535","100","110","90","85","90","60","3","False","1373.578811","1"
"260","SwampertMega Swampert","Water","Ground","635","100","150","110","95","110","70","3","False","1978.280503","1"
"267","Beautifly","Bug","Flying","395","60","70","50","100","50","65","3","False","593.4802019","0"
"269","Dustox","Bug","Poison","385","60","50","70","50","90","65","3","False","518.9833812","0"
"270","Lotad","Water","Grass","220","40","30","30","40","50","30","3","False","223.8721733","0"
"271","Lombre","Water","Grass","340","60","50","50","60","70","50","3","False","453.8378014","0"
"272","Ludicolo","Water","Grass","480","80","70","70","90","100","70","3","False","763.8185321","0"
"274","Nuzleaf","Grass","Dark","340","70","70","40","60","40","60","3","False","581.1787591","0"
"275","Shiftry","Grass","Dark","480","90","100","60","90","60","80","3","False","1020.523763","0"
"276","Taillow","Normal","Flying","270","40","55","30","30","30","85","3","False","348.245603","0"
"277","Swellow","Normal","Flying","430","60","85","60","50","50","125","3","False","750","0"
"278","Wingull","Water","Flying","270","40","30","30","55","30","85","3","False","223.8721733","0"
"279","Pelipper","Water","Flying","430","60","50","100","85","70","65","3","False","603.6607077","0"
"280","Ralts","Psychic","Fairy","198","28","25","25","45","35","40","3","False","165.8915308","0"
"281","Kirlia","Psychic","Fairy","278","38","35","35","65","55","50","3","False","257.3907535","0"
"282","Gardevoir","Psychic","Fairy","518","68","65","65","125","115","80","3","False","651.8895612","0"
"282","GardevoirMega Gardevoir","Psychic","Fairy","618","68","85","65","165","135","100","3","False","814.8619515","0"
"283","Surskit","Bug","Water","269","40","30","32","50","52","65","3","False","228.7930287","0"
"284","Masquerain","Bug","Flying","414","70","60","62","80","82","60","3","False","606.7588071","0"
"286","Breloom","Grass","Fighting","460","60","130","80","60","60","70","3","False","1223.940869","1"
"290","Nincada","Bug","Ground","266","31","45","90","30","30","40","3","False","416.9892085","0"
"291","Ninjask","Bug","Flying","456","61","90","45","50","50","160","3","False","709.0416067","0"
"292","Shedinja","Bug","Ghost","236","1","90","45","30","30","40","3","False","325.3306011","0"
"298","Azurill","Normal","Fairy","190","50","20","40","20","40","20","3","False","209.269563","0"
"302","Sableye","Dark","Ghost","380","50","75","75","65","65","50","3","False","688.3676343","0"
"302","SableyeMega Sableye","Dark","Ghost","480","50","85","125","85","115","20","3","False","953.9392014","0"
"303","Mawile","Steel","Fairy","380","50","85","85","55","55","50","3","False","806.2257748","0"
"303","MawileMega Mawile","Steel","Fairy","480","50","105","125","55","95","50","3","False","1144.727042","0"
"304","Aron","Steel","Rock","330","50","70","100","40","40","30","3","False","734.8936998","0"
"305","Lairon","Steel","Rock","430","60","90","140","50","50","40","3","False","1132.102579","0"
"306","Aggron","Steel","Rock","530","70","110","180","60","60","50","3","False","1609.299149","1"
"307","Meditite","Fighting","Psychic","280","30","40","55","40","55","60","3","False","308.6867344","0"
"308","Medicham","Fighting","Psychic","410","60","60","75","60","75","80","3","False","616.1878772","0"
"308","MedichamMega Medicham","Fighting","Psychic","510","60","100","85","80","85","100","3","False","995.9292144","0"
"315","Roselia","Grass","Poison","400","50","60","45","100","80","65","3","False","468.3748499","0"
"318","Carvanha","Water","Dark","305","45","90","20","65","20","65","3","False","481.170448","0"
"319","Sharpedo","Water","Dark","460","70","120","40","95","40","95","3","False","923.0486174","0"
"319","SharpedoMega Sharpedo","Water","Dark","560","70","140","70","110","65","105","3","False","1317.5","1"
"322","Numel","Fire","Ground","305","60","60","40","65","45","35","3","False","481.6962217","0"
"323","Camerupt","Fire","Ground","460","70","100","70","105","75","40","3","False","977.5","0"
"323","CameruptMega Camerupt","Fire","Ground","560","70","120","100","145","105","20","3","False","1334.726095","1"
"329","Vibrava","Ground","Dragon","340","50","70","50","50","50","70","3","False","552.5","0"
"330","Flygon","Ground","Dragon","520","80","100","80","80","80","100","3","False","1092.5","0"
"332","Cacturne","Grass","Dark","475","70","115","60","115","60","55","3","False","1037.966762","0"
"333","Swablu","Normal","Flying","310","45","40","60","40","75","50","3","False","368.9512163","0"
"334","AltariaMega Altaria","Dragon","Fairy","590","75","110","110","110","105","80","3","False","1325.825215","1"
"334","Altaria","Dragon","Flying","490","75","70","90","70","105","80","3","False","826.294439","0"
"337","Lunatone","Rock","Psychic","440","70","55","65","95","85","70","3","False","577.2347876","0"
"338","Solrock","Rock","Psychic","440","70","95","85","55","65","70","3","False","1014.14989","0"
"339","Barboach","Water","Ground","288","50","48","43","46","41","60","3","False","386.8220521","0"
"340","Whiscash","Water","Ground","468","110","78","73","76","71","60","3","False","975.3922288","0"
"342","Crawdaunt","Water","Dark","468","63","120","85","90","55","55","3","False","1192.287717","0"
"343","Baltoy","Ground","Psychic","300","40","40","55","40","70","55","3","False","341.2660253","0"
"344","Claydol","Ground","Psychic","500","60","70","105","70","120","75","3","False","806.3808033","0"
"345","Lileep","Rock","Grass","355","66","41","77","61","87","23","3","False","483.4198175","0"
"346","Cradily","Rock","Grass","495","86","81","97","81","107","43","3","False","1021.035709","0"
"347","Anorith","Rock","Bug","355","45","95","50","40","50","75","3","False","686.9497798","0"
"348","Armaldo","Rock","Bug","495","75","125","100","70","80","45","3","False","1424.289296","1"
"357","Tropius","Grass","Flying","460","99","68","83","72","87","51","3","False","877.2907614","0"
"363","Spheal","Ice","Water","290","70","40","50","55","50","25","3","False","408.8168906","0"
"364","Sealeo","Ice","Water","410","90","60","70","75","70","45","3","False","708.541636","0"
"365","Walrein","Ice","Water","530","110","80","90","95","90","65","3","False","1088.361728","0"
"369","Relicanth","Water","Rock","485","100","90","130","45","65","55","3","False","1355.883015","1"
"373","Salamence","Dragon","Flying","600","95","135","80","110","80","100","3","False","1533.378623","1"
"373","SalamenceMega Salamence","Dragon","Flying","700","95","145","130","120","90","120","3","False","2020.69295","1"
"374","Beldum","Steel","Psychic","300","40","55","80","35","60","30","3","False","505.9891303","0"
"375","Metang","Steel","Psychic","420","60","75","100","55","80","50","3","False","835.8379029","0"
"376","Metagross","Steel","Psychic","600","80","135","130","95","90","70","3","False","1760.504189","1"
"376","MetagrossMega Metagross","Steel","Psychic","700","80","145","150","105","110","110","3","False","2003.197444","1"
"380","Latias","Dragon","Psychic","600","80","80","90","110","130","110","3","True","948.8117569","0"
"380","LatiasMega Latias","Dragon","Psychic","700","80","100","120","140","150","110","3","True","1302.34644","1"
"381","Latios","Dragon","Psychic","600","80","90","80","130","110","110","3","True","997.5","0"
"381","LatiosMega Latios","Dragon","Psychic","700","80","130","100","160","120","110","3","True","1515.57951","1"
"383","GroudonPrimal Groudon","Ground","Fire","770","100","180","160","150","90","90","3","True","2766.320887","1"
"384","Rayquaza","Dragon","Flying","680","105","150","90","150","90","95","3","True","1852.120406","1"
"384","RayquazaMega Rayquaza","Dragon","Flying","780","105","180","100","180","100","115","3","True","2290.731324","1"
"385","Jirachi","Steel","Psychic","600","100","100","100","100","100","100","3","True","1322.5","1"
"389","Torterra","Grass","Ground","525","95","109","105","75","85","56","4","False","1424.651536","1"
"391","Monferno","Fire","Fighting","405","64","78","52","78","52","81","4","False","676.6029633","0"
"392","Infernape","Fire","Fighting","534","76","104","71","104","71","108","4","False","1052.729718","0"
"395","Empoleon","Water","Steel","530","84","86","88","111","101","60","4","False","1019.89998","0"
"396","Starly","Normal","Flying","245","40","55","30","30","30","60","4","False","348.245603","0"
"397","Staravia","Normal","Flying","340","55","75","50","40","40","80","4","False","607.0831903","0"
"398","Staraptor","Normal","Flying","485","85","120","70","50","60","100","4","False","1244.638502","1"
"400","Bibarel","Normal","Water","410","79","85","60","55","60","71","4","False","839.6427812","0"
"406","Budew","Grass","Poison","280","40","30","35","50","70","55","4","False","235.9819908","0"
"407","Roserade","Grass","Poison","515","60","70","65","125","105","90","4","False","658.4071689","0"
"410","Shieldon","Rock","Steel","350","30","42","118","42","88","30","4","False","440.967856","0"
"411","Bastiodon","Rock","Steel","495","60","52","168","47","138","30","4","False","784.9300924","0"
"413","WormadamPlant Cloak","Bug","Grass","424","60","59","85","79","105","36","4","False","640.8587988","0"
"413","WormadamSandy Cloak","Bug","Ground","424","60","79","105","59","85","36","4","False","891.7623002","0"
"413","WormadamTrash Cloak","Bug","Steel","424","60","69","95","69","95","36","4","False","762.9678892","0"
"414","Mothim","Bug","Flying","424","70","94","50","94","50","66","4","False","810.2007467","0"
"415","Combee","Bug","Flying","244","30","30","42","30","42","70","4","False","227.9062307","0"
"416","Vespiquen","Bug","Flying","474","70","80","102","80","102","40","4","False","947.3838979","0"
"423","Gastrodon","Water","Ground","475","111","83","68","92","82","39","4","False","1002.19076","0"
"425","Drifloon","Ghost","Flying","348","90","50","34","60","44","70","4","False","466.2362599","0"
"426","Drifblim","Ghost","Flying","498","150","80","44","90","54","80","4","False","937.3279842","0"
"428","LopunnyMega Lopunny","Normal","Fighting","580","65","136","94","54","96","135","4","False","1410.052198","1"
"430","Honchkrow","Dark","Flying","505","100","125","52","105","52","71","4","False","1228.893812","1"
"434","Stunky","Poison","Dark","329","63","63","47","41","41","74","4","False","542.4225659","0"
"435","Skuntank","Poison","Dark","479","103","93","67","71","61","84","4","False","1062.359939","0"
"436","Bronzor","Steel","Psychic","300","57","24","86","24","86","23","4","False","332.5764874","0"
"437","Bronzong","Steel","Psychic","500","67","89","116","79","116","33","4","False","1077.89365","0"
"439","Mime Jr.","Psychic","Fairy","310","20","25","45","70","90","60","4","False","183.3030278","0"
"441","Chatot","Normal","Flying","411","76","65","45","92","42","91","4","False","591.1345025","0"
"442","Spiritomb","Ghost","Dark","485","50","92","108","92","108","35","4","False","956.7379735","0"
"443","Gible","Dragon","Ground","300","58","70","45","40","45","42","4","False","562.5433317","0"
"444","Gabite","Dragon","Ground","410","68","90","65","50","55","82","4","False","855.6050491","0"
"445","Garchomp","Dragon","Ground","600","108","130","95","80","85","102","4","False","1686.618659","1"
"445","GarchompMega Garchomp","Dragon","Ground","700","108","170","115","120","95","92","4","False","2339.354078","1"
"448","Lucario","Fighting","Steel","525","70","110","70","115","70","90","4","False","1062.5","0"
"448","LucarioMega Lucario","Fighting","Steel","625","70","145","88","140","70","112","4","False","1497.090512","1"
"451","Skorupi","Poison","Bug","330","40","50","90","30","55","65","4","False","493.957235","0"
"452","Drapion","Poison","Dark","500","70","90","110","60","75","95","4","False","1082.315227","0"
"453","Croagunk","Poison","Fighting","300","48","61","40","61","40","50","4","False","447.3683046","0"
"454","Toxicroak","Poison","Fighting","490","83","106","65","86","65","85","4","False","1071.379671","0"
"458","Mantyke","Water","Flying","345","45","20","50","60","120","50","4","False","218.5749299","0"
"459","Snover","Grass","Ice","334","60","62","50","62","60","40","4","False","537.6232417","0"
"460","Abomasnow","Grass","Ice","494","90","92","75","92","85","60","4","False","1040.158882","0"
"460","AbomasnowMega Abomasnow","Grass","Ice","594","90","132","105","132","105","30","4","False","1650.070908","1"
"461","Weavile","Dark","Ice","510","70","120","65","45","85","125","4","False","1113.238519","0"
"462","Magnezone","Electric","Steel","535","70","70","115","130","90","60","4","False","893.5113318","0"
"464","Rhyperior","Ground","Rock","535","115","140","130","55","55","40","4","False","2128.077184","1"
"468","Togekiss","Fairy","Flying","545","85","50","95","120","115","80","4","False","681.7257513","0"
"469","Yanmega","Bug","Flying","515","86","76","86","116","56","95","4","False","919.1","0"
"472","Gliscor","Ground","Flying","510","75","95","125","45","75","95","4","False","1234.746938","1"
"473","Mamoswine","Ice","Ground","530","110","130","80","70","60","80","4","False","1580.100867","1"
"475","Gallade","Psychic","Fighting","518","68","125","65","65","115","80","4","False","1140.806732","0"
"475","GalladeMega Gallade","Psychic","Fighting","618","68","165","95","65","115","110","4","False","1719.918603","1"
"476","Probopass","Rock","Steel","525","60","55","145","75","150","40","4","False","766.8115805","0"
"478","Froslass","Ice","Ghost","480","70","80","70","80","70","110","4","False","807.5","0"
"479","RotomHeat Rotom","Electric","Fire","520","50","65","107","105","107","86","4","False","712.4043795","0"
"479","RotomFan Rotom","Electric","Flying","520","50","65","107","105","107","86","4","False","712.4043795","0"
"479","Rotom","Electric","Ghost","440","50","50","77","95","77","91","4","False","502.6479882","0"
"479","RotomMow Rotom","Electric","Grass","520","50","65","107","105","107","86","4","False","712.4043795","0"
"479","RotomFrost Rotom","Electric","Ice","520","50","65","107","105","107","86","4","False","712.4043795","0"
"479","RotomWash Rotom","Electric","Water","520","50","65","107","105","107","86","4","False","712.4043795","0"
"483","Dialga","Steel","Dragon","680","100","120","120","150","100","90","4","True","1682.091332","1"
"484","Palkia","Water","Dragon","680","90","120","100","150","120","100","4","True","1483.465116","1"
"485","Heatran","Fire","Steel","600","91","90","106","130","106","77","4","True","1189.145281","0"
"487","GiratinaAltered Forme","Ghost","Dragon","680","150","100","120","100","120","90","4","True","1716.353329","1"
"487","GiratinaOrigin Forme","Ghost","Dragon","680","150","120","100","120","100","90","4","True","1859.621937","1"
"492","ShayminSky Forme","Grass","Flying","600","100","103","75","120","75","127","4","True","1200.472407","1"
"494","Victini","Psychic","Fire","600","100","100","100","100","100","100","5","True","1322.5","1"
"499","Pignite","Fire","Fighting","418","90","93","55","70","55","55","5","False","925.9071228","0"
"500","Emboar","Fire","Fighting","528","110","123","65","100","65","65","5","False","1380","1"
"519","Pidove","Normal","Flying","264","50","55","50","36","30","43","5","False","455","0"
"520","Tranquill","Normal","Flying","358","62","77","62","50","42","65","5","False","708.4","0"
"521","Unfezant","Normal","Flying","488","80","115","80","65","55","93","5","False","1235","1"
"527","Woobat","Psychic","Flying","313","55","45","43","55","43","72","5","False","382.3087757","0"
"528","Swoobat","Psychic","Flying","425","67","57","55","77","55","114","5","False","545.4920714","0"
"530","Excadrill","Ground","Steel","508","110","135","60","50","65","88","5","False","1452.368755","1"
"531","AudinoMega Audino","Normal","Fairy","545","103","60","126","80","126","50","5","False","967.4127868","0"
"536","Palpitoad","Water","Ground","384","75","65","55","65","55","69","5","False","634.9803147","0"
"537","Seismitoad","Water","Ground","509","105","95","75","85","75","74","5","False","1143.153533","0"
"540","Sewaddle","Bug","Grass","310","45","53","70","40","60","42","5","False","485.6171331","0"
"541","Swadloon","Bug","Grass","380","55","63","90","50","80","42","5","False","668.7106998","0"
"542","Leavanny","Bug","Grass","500","75","103","80","70","80","92","5","False","1091.101279","0"
"543","Venipede","Bug","Poison","260","30","45","59","30","39","57","5","False","346.2369131","0"
"544","Whirlipede","Bug","Poison","360","40","55","99","40","79","47","5","False","554.2833211","0"
"545","Scolipede","Bug","Poison","485","60","100","89","55","69","112","5","False","1015.6525","0"
"546","Cottonee","Grass","Fairy","280","40","27","60","37","50","66","5","False","269.7498842","0"
"547","Whimsicott","Grass","Fairy","480","60","67","85","77","75","116","5","False","710.1408311","0"
"551","Sandile","Ground","Dark","292","50","72","35","35","35","65","5","False","495.9763099","0"
"552","Krokorok","Ground","Dark","351","60","82","45","45","45","74","5","False","650.6957815","0"
"553","Krookodile","Ground","Dark","519","95","117","80","65","70","92","5","False","1349.373188","1"
"555","DarmanitanZen Mode","Fire","Psychic","540","105","30","105","140","105","55","5","False","540","0"
"557","Dwebble","Bug","Rock","325","50","65","85","35","35","55","5","False","644.9806199","0"
"558","Crustle","Bug","Rock","475","70","95","125","65","75","45","5","False","1199.958333","0"
"559","Scraggy","Dark","Fighting","348","50","75","70","35","70","48","5","False","668.9730936","0"
"560","Scrafty","Dark","Fighting","488","65","90","115","45","115","58","5","False","1070.794098","0"
"561","Sigilyph","Psychic","Flying","490","72","58","80","103","80","97","5","False","663.6579315","0"
"564","Tirtouga","Water","Rock","355","54","78","103","53","45","22","5","False","839.1671943","0"
"565","Carracosta","Water","Rock","495","74","108","133","83","65","32","5","False","1411.662807","1"
"566","Archen","Rock","Flying","401","55","112","45","74","45","70","5","False","823.0540687","0"
"567","Archeops","Rock","Flying","567","75","140","65","112","65","110","5","False","1315.218613","1"
"580","Ducklett","Water","Flying","305","62","44","50","44","50","55","5","False","417.4015453","0"
"581","Swanna","Water","Flying","473","75","87","63","87","63","98","5","False","854.6114907","0"
"585","Deerling","Normal","Grass","335","60","60","50","40","50","75","5","False","523.6590016","0"
"586","Sawsbuck","Normal","Grass","475","80","100","70","60","70","95","5","False","1033.401543","0"
"587","Emolga","Electric","Flying","428","55","75","60","75","60","103","5","False","652.1119536","0"
"589","Escavalier","Bug","Steel","495","70","135","105","60","105","20","5","False","1514.925741","1"
"590","Foongus","Grass","Poison","294","69","55","45","55","55","15","5","False","496.9507018","0"
"591","Amoonguss","Grass","Poison","464","114","85","70","85","80","30","5","False","1047.138959","0"
"592","Frillish","Water","Ghost","335","55","40","50","65","85","40","5","False","370.995283","0"
"593","Jellicent","Water","Ghost","480","100","60","70","85","105","60","5","False","741.5144975","0"
"595","Joltik","Bug","Electric","319","50","47","50","57","50","65","5","False","403","0"
"596","Galvantula","Bug","Electric","472","70","77","60","97","60","108","5","False","734.5610934","0"
"597","Ferroseed","Grass","Steel","305","44","50","91","24","86","10","5","False","514.0345319","0"
"598","Ferrothorn","Grass","Steel","489","74","94","131","54","116","20","5","False","1242.504382","1"
"607","Litwick","Ghost","Fire","275","50","30","55","65","55","20","5","False","303.5415952","0"
"608","Lampent","Ghost","Fire","370","60","40","60","95","60","55","5","False","412.5","0"
"609","Chandelure","Ghost","Fire","520","60","55","90","145","90","80","5","False","621.1883772","0"
"618","Stunfisk","Ground","Electric","471","109","66","84","81","99","32","5","False","897.4566062","0"
"622","Golett","Ground","Ghost","303","59","74","50","35","50","35","5","False","617.2520555","0"
"623","Golurk","Ground","Ghost","483","89","124","80","55","80","55","5","False","1381.634829","1"
"624","Pawniard","Dark","Steel","340","45","85","70","40","40","60","5","False","714.1428429","0"
"625","Bisharp","Dark","Steel","490","65","125","100","60","70","70","5","False","1342.832827","1"
"627","Rufflet","Normal","Flying","350","70","83","50","37","50","60","5","False","728.4373686","0"
"628","Braviary","Normal","Flying","510","100","123","75","57","75","80","5","False","1403.942307","1"
"629","Vullaby","Dark","Flying","370","70","55","75","45","65","60","5","False","612.249949","0"
"630","Mandibuzz","Dark","Flying","510","110","65","105","55","95","80","5","False","979.7958971","0"
"632","Durant","Bug","Steel","484","58","109","112","48","48","109","5","False","1193.946799","0"
"633","Deino","Dark","Dragon","300","52","65","50","45","50","38","5","False","527.9393905","0"
"634","Zweilous","Dark","Dragon","420","72","85","70","65","70","58","5","False","859.9418585","0"
"635","Hydreigon","Dark","Dragon","600","92","105","90","125","90","98","5","False","1271.943395","1"
"636","Larvesta","Bug","Fire","360","55","85","55","50","55","60","5","False","700","0"
"637","Volcarona","Bug","Fire","550","85","60","65","135","105","100","5","False","670.8203932","0"
"638","Cobalion","Steel","Fighting","580","91","90","129","90","72","108","5","True","1297.249398","1"
"639","Terrakion","Rock","Fighting","580","91","129","90","72","90","108","5","True","1519.182938","1"
"640","Virizion","Grass","Fighting","580","91","90","72","90","129","108","5","True","1008.328072","0"
"642","ThundurusIncarnate Forme","Electric","Flying","580","79","115","70","125","80","111","5","True","1162.028399","0"
"642","ThundurusTherian Forme","Electric","Flying","580","79","105","70","145","80","101","5","True","1072.641599","0"
"643","Reshiram","Dragon","Fire","680","100","120","100","150","120","90","5","True","1552.5","1"
"644","Zekrom","Dragon","Electric","680","100","150","120","120","100","90","5","True","2055.889406","1"
"645","LandorusIncarnate Forme","Ground","Flying","600","89","125","90","115","80","101","5","True","1462.983253","1"
"645","LandorusTherian Forme","Ground","Flying","600","89","145","90","105","80","91","5","True","1671.980861","1"
"646","Kyurem","Dragon","Ice","660","125","130","90","130","90","95","5","True","1758.03157","1"
"646","KyuremBlack Kyurem","Dragon","Ice","700","125","170","100","120","90","95","5","True","2347.386845","1"
"646","KyuremWhite Kyurem","Dragon","Ice","700","125","120","90","170","100","95","5","True","1636.788013","1"
"647","KeldeoOrdinary Forme","Water","Fighting","580","91","72","90","129","90","108","5","False","917.8396919","0"
"647","KeldeoResolute Forme","Water","Fighting","580","91","72","90","129","90","108","5","False","917.8396919","0"
"648","MeloettaPirouette Forme","Normal","Fighting","600","100","128","90","77","77","128","5","False","1571.37416","1"
"648","MeloettaAria Forme","Normal","Psychic","600","100","77","77","128","128","90","5","False","946.3039681","0"
"649","Genesect","Bug","Steel","600","71","120","95","120","95","99","5","False","1313.044173","1"
"652","Chesnaught","Grass","Fighting","530","88","107","122","74","75","64","6","False","1449.234708","1"
"655","Delphox","Fire","Psychic","534","75","69","72","114","100","104","6","False","743.2932127","0"
"658","Greninja","Water","Dark","530","72","95","67","103","71","122","6","False","929.0931062","0"
"660","Diggersby","Normal","Ground","423","85","56","77","50","77","78","6","False","681.0080763","0"
"661","Fletchling","Normal","Flying","278","45","50","43","40","38","62","6","False","383.4449113","0"
"662","Fletchinder","Fire","Flying","382","62","73","55","56","52","84","6","False","646.0662505","0"
"663","Talonflame","Fire","Flying","499","78","81","71","74","69","126","6","False","858.5427654","0"
"666","Vivillon","Bug","Flying","411","80","52","50","90","50","89","6","False","526.4938271","0"
"667","Litleo","Fire","Normal","369","62","50","58","73","54","72","6","False","487.3266358","0"
"668","Pyroar","Fire","Normal","507","86","68","72","109","66","106","6","False","778.0336946","0"
"675","Pangoro","Fighting","Dark","495","95","124","78","69","71","58","6","False","1405.894128","1"
"679","Honedge","Steel","Ghost","325","45","80","100","35","37","28","6","False","789.129267","0"
"680","Doublade","Steel","Ghost","448","59","110","150","45","49","35","6","False","1381.23586","1"
"681","AegislashBlade Forme","Steel","Ghost","520","60","150","50","150","50","60","6","False","1152.049804","0"
"681","AegislashShield Forme","Steel","Ghost","520","60","50","150","50","150","60","6","False","723.0793525","0"
"686","Inkay","Dark","Psychic","288","53","54","53","37","46","45","6","False","469.2","0"
"687","Malamar","Dark","Psychic","482","86","92","88","68","75","73","6","False","1091.347548","0"
"688","Binacle","Rock","Water","306","42","52","67","39","56","50","6","False","458.0566122","0"
"689","Barbaracle","Rock","Water","500","72","105","115","54","86","68","6","False","1276.181805","1"
"690","Skrelp","Poison","Water","320","50","60","60","60","60","30","6","False","523.6590016","0"
"691","Dragalge","Poison","Dragon","494","65","75","90","97","123","44","6","False","824.8636251","0"
"694","Helioptile","Electric","Normal","289","44","38","33","61","43","70","6","False","282.0476555","0"
"695","Heliolisk","Electric","Normal","481","62","55","52","109","94","109","6","False","502.7832535","0"
"696","Tyrunt","Rock","Dragon","362","58","89","77","45","45","48","6","False","852.2925319","0"
"697","Tyrantrum","Rock","Dragon","521","82","121","119","69","59","71","6","False","1550.519294","1"
"698","Amaura","Rock","Ice","362","77","59","50","67","63","46","6","False","572.2454019","0"
"699","Aurorus","Rock","Ice","521","123","77","72","99","92","58","6","False","1008.061427","0"
"701","Hawlucha","Fighting","Flying","500","78","92","75","74","63","118","6","False","978.9184338","0"
"702","Dedenne","Electric","Fairy","431","67","58","57","81","67","101","6","False","560.9136832","0"
"703","Carbink","Rock","Fairy","500","50","50","150","50","150","50","6","False","673.1502433","0"
"707","Klefki","Steel","Fairy","470","57","80","91","80","87","75","6","False","829.9325274","0"
"708","Phantump","Ghost","Grass","309","43","70","48","50","60","38","6","False","513.8107628","0"
"709","Trevenant","Ghost","Grass","474","85","110","76","65","82","56","6","False","1192.424002","0"
"710","PumpkabooAverage Size","Ghost","Grass","335","49","66","70","44","55","51","6","False","597.4264808","0"
"710","PumpkabooSmall Size","Ghost","Grass","335","44","66","70","44","55","56","6","False","573.6149841","0"
"710","PumpkabooLarge Size","Ghost","Grass","335","54","66","70","44","55","46","6","False","620.3246328","0"
"710","PumpkabooSuper Size","Ghost","Grass","335","59","66","70","44","55","41","6","False","642.4071139","0"
"711","GourgeistAverage Size","Ghost","Grass","494","65","90","122","58","75","84","6","False","1099.245196","0"
"711","GourgeistSmall Size","Ghost","Grass","494","55","85","122","58","75","99","6","False","979.2854538","0"
"711","GourgeistLarge Size","Ghost","Grass","494","75","95","122","58","75","69","6","False","1221.445865","1"
"711","GourgeistSuper Size","Ghost","Grass","494","85","100","122","58","75","54","6","False","1346.04049","1"
"714","Noibat","Flying","Dragon","245","40","30","35","45","40","55","6","False","235.9819908","0"
"715","Noivern","Flying","Dragon","535","85","70","80","97","80","123","6","False","828.4775193","0"
"717","Yveltal","Dark","Flying","680","126","131","95","131","98","99","6","True","1818.271597","1"
"718","Zygarde50% Forme","Dragon","Ground","600","108","100","121","81","95","95","6","True","1487.372852","1"
"719","Diancie","Rock","Fairy","600","50","100","150","100","150","50","6","True","1190.958123","0"
"719","DiancieMega Diancie","Rock","Fairy","700","50","160","110","160","110","110","6","True","1577.428683","1"
"720","HoopaHoopa Unbound","Psychic","Dark","680","80","160","60","170","130","80","6","True","1477.170014","1"
"720","HoopaHoopa Confined","Psychic","Ghost","600","80","110","60","150","130","70","6","True","1055.121439","0"
"721","Volcanion","Fire","Water","600","80","110","120","130","90","70","6","True","1415.593957","1"